{
  "total_industries": 30,
  "total_enterprises": 300,
  "total_allowed_rules": 4357,
  "total_prohibited_rules": 4500,
  "avg_quality_score": 3.8241333333333305,
  "pass_rate": 0.8766666666666667
}
